<metadata xml:lang="en">
	<Esri>
		<CreaDate>20190104</CreaDate>
		<CreaTime>15114000</CreaTime>
		<ArcGISFormat>1.0</ArcGISFormat>
		<SyncOnce>FALSE</SyncOnce>
		<DataProperties>
			<itemProps>
				<itemName Sync="TRUE">US_tract_cenpop_2020</itemName>
				<imsContentType Sync="TRUE">002</imsContentType>
				<itemSize Sync="TRUE">2.280</itemSize>
				<itemLocation>
					<linkage Sync="TRUE">file://\\UMN201955338\C$\Users\robe2037\Desktop\cenpop2020\CenPop2020\US_tract_cenpop_2020\US_tract_cenpop_2020.shp</linkage>
					<protocol Sync="TRUE">Local Area Network</protocol>
				</itemLocation>
				<nativeExtBox><westBL Sync="TRUE">-7005309.011700</westBL><eastBL Sync="TRUE">3312022.523100</eastBL><southBL Sync="TRUE">-1673549.712200</southBL><northBL Sync="TRUE">4430342.202000</northBL><exTypeCode Sync="TRUE">1</exTypeCode></nativeExtBox></itemProps>
			<coordRef>
				<type Sync="TRUE">Projected</type>
				<geogcsn Sync="TRUE">GCS_North_American_1983</geogcsn>
				<csUnits Sync="TRUE">Linear Unit: Meter (1.000000)</csUnits>
				<projcsn Sync="TRUE">USA_Contiguous_Albers_Equal_Area_Conic</projcsn>
				<peXml Sync="TRUE">&lt;ProjectedCoordinateSystem xsi:type='typens:ProjectedCoordinateSystem' xmlns:xsi='http://www.w3.org/2001/XMLSchema-instance' xmlns:xs='http://www.w3.org/2001/XMLSchema' xmlns:typens='http://www.esri.com/schemas/ArcGIS/10.8'&gt;&lt;WKT&gt;PROJCS[&amp;quot;USA_Contiguous_Albers_Equal_Area_Conic&amp;quot;,GEOGCS[&amp;quot;GCS_North_American_1983&amp;quot;,DATUM[&amp;quot;D_North_American_1983&amp;quot;,SPHEROID[&amp;quot;GRS_1980&amp;quot;,6378137.0,298.257222101]],PRIMEM[&amp;quot;Greenwich&amp;quot;,0.0],UNIT[&amp;quot;Degree&amp;quot;,0.0174532925199433]],PROJECTION[&amp;quot;Albers&amp;quot;],PARAMETER[&amp;quot;False_Easting&amp;quot;,0.0],PARAMETER[&amp;quot;False_Northing&amp;quot;,0.0],PARAMETER[&amp;quot;Central_Meridian&amp;quot;,-96.0],PARAMETER[&amp;quot;Standard_Parallel_1&amp;quot;,29.5],PARAMETER[&amp;quot;Standard_Parallel_2&amp;quot;,45.5],PARAMETER[&amp;quot;Latitude_Of_Origin&amp;quot;,37.5],UNIT[&amp;quot;Meter&amp;quot;,1.0],AUTHORITY[&amp;quot;Esri&amp;quot;,102003]]&lt;/WKT&gt;&lt;XOrigin&gt;-16901100&lt;/XOrigin&gt;&lt;YOrigin&gt;-8579000&lt;/YOrigin&gt;&lt;XYScale&gt;266467840.99085236&lt;/XYScale&gt;&lt;ZOrigin&gt;-100000&lt;/ZOrigin&gt;&lt;ZScale&gt;10000&lt;/ZScale&gt;&lt;MOrigin&gt;-100000&lt;/MOrigin&gt;&lt;MScale&gt;10000&lt;/MScale&gt;&lt;XYTolerance&gt;0.001&lt;/XYTolerance&gt;&lt;ZTolerance&gt;0.001&lt;/ZTolerance&gt;&lt;MTolerance&gt;0.001&lt;/MTolerance&gt;&lt;HighPrecision&gt;true&lt;/HighPrecision&gt;&lt;WKID&gt;102003&lt;/WKID&gt;&lt;LatestWKID&gt;102003&lt;/LatestWKID&gt;&lt;/ProjectedCoordinateSystem&gt;</peXml>
			</coordRef>
		</DataProperties>
		<SyncDate>20211222</SyncDate>
		<SyncTime>16253700</SyncTime>
		<ModDate>20211222</ModDate>
		<ModTime>16253700</ModTime>
		<scaleRange>
			<minScale>150000000</minScale>
			<maxScale>5000</maxScale>
		</scaleRange>
	</Esri>
	<dataIdInfo>
		<envirDesc Sync="TRUE"> Version 6.2 (Build 9200) ; Esri ArcGIS 10.8.0.12790</envirDesc>
		<dataLang>
			<languageCode value="eng" Sync="TRUE"/>
			<countryCode value="USA" Sync="TRUE"/>
		</dataLang>
		<idCitation>
			<resTitle Sync="FALSE">2020 Census Tract Centers of Population</resTitle>
			<presForm>
				<PresFormCd value="005" Sync="TRUE"/>
			</presForm>
		</idCitation>
		<spatRpType>
			<SpatRepTypCd value="001" Sync="TRUE"/>
		</spatRpType>
		<idPurp>This file depicts the 2020 centers of U.S. census tract populations.</idPurp>
		<idAbs>&lt;DIV STYLE="text-align:Left;"&gt;&lt;DIV&gt;&lt;DIV&gt;&lt;P&gt;&lt;SPAN&gt;This file depicts the 2020 geographic centers of population for all census tracts in the USA as well as the District of Columbia and Puerto Rico. As described in the original Census Bureau documentation:&lt;/SPAN&gt;&lt;/P&gt;&lt;P&gt;&lt;SPAN&gt;"The concept of the center of population as used by the U.S. Census Bureau is that of a balance point. The center of population is the point at which an imaginary, weightless, rigid, and flat (no elevation effects) surface representation of [a geographic area] would balance if weights of identical size were placed on it so that each weight represented the location on one person. More specifically, this calculation is called the mean center of population."&lt;/SPAN&gt;&lt;/P&gt;&lt;/DIV&gt;&lt;/DIV&gt;&lt;/DIV&gt;</idAbs>
		<idCredit>The file was created at the University of Minnesota for IPUMS NHGIS (https://www.nhgis.org) using coordinates published by the U.S. Census Bureau. The primary source of funding for IPUMS NHGIS have been the National Institutes of Health (NIH), Grant HD-057929, and the National Science Foundation (NSF), Grant SES-1324875. Additional support has been provided by the Minnesota Population Center (NIH, HD-041023).</idCredit>
		<searchKeys>
			<keyword>2020</keyword>
			<keyword>Census of Population and Housing</keyword>
			<keyword>United States of America</keyword>
			<keyword>USA</keyword>
			<keyword>United States</keyword>
			<keyword>census tract</keyword>
			<keyword>centers of population</keyword>
			<keyword>population centers</keyword>
			<keyword>IPUMS</keyword>
			<keyword>NHGIS</keyword>
			<keyword>National Historical Geographic Information System</keyword>
		</searchKeys>
		<resConst>
			<Consts>
				<useLimit>&lt;DIV STYLE="text-align:Left;"&gt;&lt;DIV&gt;&lt;P&gt;&lt;SPAN&gt;All persons are granted a limited license to use data and documentation from IPUMS NHGIS, subject to the following conditions:&lt;/SPAN&gt;&lt;/P&gt;&lt;P&gt;&lt;SPAN&gt;***Redistribution***&lt;/SPAN&gt;&lt;/P&gt;&lt;P&gt;&lt;SPAN&gt;You will not redistribute the data without permission. You may publish a subset of the data to meet journal requirements for accessing data related to a particular publication. Contact us for permission for any other redistribution; we will consider requests for free and commercial redistribution.&lt;/SPAN&gt;&lt;/P&gt;&lt;P&gt;&lt;SPAN&gt;***Citation***&lt;/SPAN&gt;&lt;/P&gt;&lt;P&gt;&lt;SPAN&gt;You will cite NHGIS appropriately:&lt;/SPAN&gt;&lt;/P&gt;&lt;P&gt;&lt;SPAN&gt;-- Steven Manson, Jonathan Schroeder, David Van Riper, Tracy Kugler, and Steven Ruggles. IPUMS National Historical Geographic Information System: Version 16.0 [dataset]. Minneapolis, MN: IPUMS. 2021. http://doi.org/10.18128/D050.V16.0&lt;/SPAN&gt;&lt;/P&gt;&lt;P&gt;&lt;SPAN&gt;For policy briefs, online resources, or articles in the popular press, we recommend that you cite the use of NHGIS data as follows:&lt;/SPAN&gt;&lt;/P&gt;&lt;P&gt;&lt;SPAN&gt;-- IPUMS NHGIS, University of Minnesota, www.nhgis.org&lt;/SPAN&gt;&lt;/P&gt;&lt;P&gt;&lt;SPAN&gt;These terms of use are a legally binding agreement. You can use the data only in accordance with these terms, and any other use is a violation of the agreement. Violations may result in revocation of the agreement and prohibition from using other IPUMS data. If IPUMS or our partners are harmed from your violation, you are responsible for all damages, including reasonable attorney’s fees and expenses.&lt;/SPAN&gt;&lt;/P&gt;&lt;/DIV&gt;&lt;/DIV&gt;</useLimit>
			</Consts>
		</resConst>
		<dataExt><geoEle><GeoBndBox esriExtentType="search"><exTypeCode Sync="TRUE">1</exTypeCode><westBL Sync="TRUE">-180.000000</westBL><eastBL Sync="TRUE">180.000000</eastBL><northBL Sync="TRUE">90.000000</northBL><southBL Sync="TRUE">0.857894</southBL></GeoBndBox></geoEle></dataExt></dataIdInfo>
	<mdLang>
		<languageCode value="eng" Sync="TRUE"/>
		<countryCode value="USA" Sync="TRUE"/>
	</mdLang>
	<distInfo>
		<distFormat>
			<formatName Sync="TRUE">Shapefile</formatName>
		</distFormat>
		<distTranOps>
			<transSize Sync="TRUE">2.280</transSize>
		</distTranOps>
	</distInfo>
	<mdHrLv>
		<ScopeCd value="005" Sync="TRUE"/>
	</mdHrLv>
	<mdHrLvName Sync="TRUE">dataset</mdHrLvName>
	<refSysInfo>
		<RefSystem>
			<refSysID>
				<identCode code="102003" Sync="TRUE"/>
				<idCodeSpace Sync="TRUE">Esri</idCodeSpace>
				<idVersion Sync="TRUE">4.0.0</idVersion>
			</refSysID>
		</RefSystem>
	</refSysInfo>
	<spatRepInfo>
		<VectSpatRep><geometObjs Name="US_tract_cenpop_2020"><geoObjTyp><GeoObjTypCd value="004" Sync="TRUE"></GeoObjTypCd></geoObjTyp><geoObjCnt Sync="TRUE">85395</geoObjCnt></geometObjs><topLvl><TopoLevCd value="001" Sync="TRUE"></TopoLevCd></topLvl></VectSpatRep></spatRepInfo>
	<spdoinfo>
		<ptvctinf><esriterm Name="US_tract_cenpop_2020"><efeatyp Sync="TRUE">Simple</efeatyp><efeageom code="1" Sync="TRUE"></efeageom><esritopo Sync="TRUE">FALSE</esritopo><efeacnt Sync="TRUE">85395</efeacnt><spindex Sync="TRUE">TRUE</spindex><linrefer Sync="TRUE">FALSE</linrefer></esriterm></ptvctinf></spdoinfo>
	<eainfo>
		<detailed Name="US_tract_cenpop_2020">
			<enttyp>
				<enttypl Sync="TRUE">US_tract_cenpop_2020</enttypl>
				<enttypt Sync="TRUE">Feature Class</enttypt>
				<enttypc Sync="TRUE">85395</enttypc>
				<enttypd>2020 Census Tract Centers of Population</enttypd>
				<enttypds>U.S. Census Bureau</enttypds>
			</enttyp>
			<attr xmlns="">
				<attrlabl Sync="TRUE">FID</attrlabl>
				<attalias Sync="TRUE">FID</attalias>
				<attrtype Sync="TRUE">OID</attrtype>
				<attwidth Sync="TRUE">4</attwidth>
				<atprecis Sync="TRUE">0</atprecis>
				<attscale Sync="TRUE">0</attscale>
				<attrdef Sync="TRUE">Internal feature number.</attrdef>
				<attrdefs Sync="TRUE">Esri</attrdefs>
				<attrdomv>
					<udom Sync="TRUE">Sequential unique whole numbers that are automatically generated.</udom>
				</attrdomv>
			</attr>
			<attr xmlns="">
				<attrlabl Sync="TRUE">Shape</attrlabl>
				<attalias Sync="TRUE">Shape</attalias>
				<attrtype Sync="TRUE">Geometry</attrtype>
				<attwidth Sync="TRUE">0</attwidth>
				<atprecis Sync="TRUE">0</atprecis>
				<attscale Sync="TRUE">0</attscale>
				<attrdef Sync="TRUE">Feature geometry.</attrdef>
				<attrdefs Sync="TRUE">Esri</attrdefs>
				<attrdomv>
					<udom Sync="TRUE">Coordinates defining the features.</udom>
				</attrdomv>
			</attr>
			<attr xmlns="">
				<attrlabl Sync="TRUE">GISJOIN</attrlabl>
				<attalias Sync="TRUE">GISJOIN</attalias>
				<attrtype Sync="TRUE">String</attrtype>
				<attwidth Sync="TRUE">14</attwidth>
				<atprecis Sync="TRUE">0</atprecis>
				<attscale Sync="TRUE">0</attscale>
				<attrdef>Unique identifier for joining to NHGIS table data. Concatenation of 'G' with relevant NHGIS codes. The 'G' prefix ensures that software reads the codes not as numbers but as text, which preserves leading zeros and maintains consistency.</attrdef>
				<attrdefs>IPUMS NHGIS</attrdefs>
			</attr>
			<attr xmlns="">
				<attrlabl Sync="TRUE">GEOID</attrlabl>
				<attalias Sync="TRUE">GEOID</attalias>
				<attrtype Sync="TRUE">String</attrtype>
				<attwidth Sync="TRUE">11</attwidth>
				<atprecis Sync="TRUE">0</atprecis>
				<attscale Sync="TRUE">0</attscale>
				<attrdef>Unique identifier used by U.S. Census Bureau. Concatenation of relevant FIPS and census codes.</attrdef>
				<attrdefs>U.S. Census Bureau</attrdefs>
			</attr>
			<attr xmlns="">
				<attrlabl Sync="TRUE">STATEFP</attrlabl>
				<attalias Sync="TRUE">STATEFP</attalias>
				<attrtype Sync="TRUE">String</attrtype>
				<attwidth Sync="TRUE">2</attwidth>
				<atprecis Sync="TRUE">0</atprecis>
				<attscale Sync="TRUE">0</attscale>
				<attrdef>Federal Information Processing Standards (FIPS) state code</attrdef>
				<attrdefs>U.S. Census Bureau</attrdefs>
			</attr>
			<attr xmlns="">
				<attrlabl Sync="TRUE">COUNTYFP</attrlabl>
				<attalias Sync="TRUE">COUNTYFP</attalias>
				<attrtype Sync="TRUE">String</attrtype>
				<attwidth Sync="TRUE">3</attwidth>
				<atprecis Sync="TRUE">0</atprecis>
				<attscale Sync="TRUE">0</attscale>
				<attrdef>Federal Information Processing Standards (FIPS) county code</attrdef>
				<attrdefs>U.S. Census Bureau</attrdefs>
			</attr>
			<attr xmlns="">
				<attrlabl Sync="TRUE">TRACTCE</attrlabl>
				<attalias Sync="TRUE">TRACTCE</attalias>
				<attrtype Sync="TRUE">String</attrtype>
				<attwidth Sync="TRUE">6</attwidth>
				<atprecis Sync="TRUE">0</atprecis>
				<attscale Sync="TRUE">0</attscale>
				<attrdef>Census tract code</attrdef>
				<attrdefs>U.S. Census Bureau</attrdefs>
			</attr>
			<attr xmlns="">
				<attrlabl Sync="TRUE">POPULATION</attrlabl>
				<attalias Sync="TRUE">POPULATION</attalias>
				<attrtype Sync="TRUE">Integer</attrtype>
				<attwidth Sync="TRUE">10</attwidth>
				<atprecis Sync="TRUE">10</atprecis>
				<attscale Sync="TRUE">0</attscale>
				<attrdef>2020 population</attrdef>
				<attrdefs>U.S. Census Bureau</attrdefs>
			</attr>
			<attr xmlns="">
				<attrlabl Sync="TRUE">LATITUDE</attrlabl>
				<attalias Sync="TRUE">LATITUDE</attalias>
				<attrtype Sync="TRUE">Double</attrtype>
				<attwidth Sync="TRUE">19</attwidth>
				<atprecis Sync="TRUE">0</atprecis>
				<attscale Sync="TRUE">0</attscale>
				<attrdef>Latitude of center of population</attrdef>
				<attrdefs>U.S. Census Bureau</attrdefs>
			</attr>
			<attr xmlns="">
				<attrlabl Sync="TRUE">LONGITUDE</attrlabl>
				<attalias Sync="TRUE">LONGITUDE</attalias>
				<attrtype Sync="TRUE">Double</attrtype>
				<attwidth Sync="TRUE">19</attwidth>
				<atprecis Sync="TRUE">0</atprecis>
				<attscale Sync="TRUE">0</attscale>
				<attrdef>Longitude of center of population</attrdef>
				<attrdefs>U.S. Census Bureau</attrdefs>
			</attr>
		</detailed>
	</eainfo>
	<mdDateSt Sync="TRUE">20211222</mdDateSt>
</metadata>
